customer_id,age,tenure,monthly_spending,num_products,cluster
1,0.5098039215686275,1.0,0.5386125866834673,1.0,2
2,0.7058823529411765,0.0,0.9167788778187278,0.3333333333333333,3
3,0.7843137254901961,0.5,0.9077277508358735,1.0,2
4,0.6470588235294118,0.125,0.5454498080274743,1.0,1
5,0.05882352941176472,0.125,0.7958442971792277,0.3333333333333333,3
6,0.1960784313725491,0.375,0.5339154223177995,0.3333333333333333,0
7,0.4117647058823529,0.125,0.20803423511649796,0.6666666666666667,1
8,0.5294117647058824,0.875,0.9928975246757423,0.3333333333333333,2
9,0.2549019607843137,0.875,0.9167017745747745,0.3333333333333333,2
10,0.5098039215686275,0.625,0.002470425858323168,0.3333333333333333,0
11,0.21568627450980393,0.0,0.8188262288445421,1.0,1
12,0.9411764705882354,0.75,0.5731439481111686,0.6666666666666667,2
13,0.3529411764705882,0.75,0.5292831699037258,0.3333333333333333,0
14,0.2549019607843137,0.25,0.6567517107819125,1.0,1
15,0.3137254901960784,0.875,0.5904324238761757,1.0,2
16,0.9607843137254902,0.125,0.6460913136356697,0.3333333333333333,3
17,0.7647058823529412,0.25,0.35381282754148974,0.0,3
18,0.05882352941176472,0.875,0.7976523426219242,0.0,0
19,0.5098039215686275,0.25,0.08559298184519876,0.0,3
20,0.5882352941176471,0.75,0.23701241800184678,0.6666666666666667,2
21,0.8431372549019608,1.0,0.8470129145491009,0.6666666666666667,2
22,0.5098039215686275,0.5,0.47194817251656496,0.0,3
23,0.43137254901960786,0.375,0.799787515722114,1.0,1
24,0.5294117647058824,0.375,0.35622043195830705,0.6666666666666667,1
25,0.7058823529411765,0.5,0.23441576158922237,1.0,2
26,0.019607843137254943,0.5,0.7365710972651298,1.0,1
27,0.4901960784313726,0.5,0.9213838643741682,1.0,2
28,0.5882352941176471,0.375,0.8774933873244606,0.6666666666666667,2
29,0.43137254901960786,0.875,0.45260001252458504,0.3333333333333333,0
30,0.607843137254902,0.75,0.6700060896690043,1.0,2
31,0.6862745098039217,1.0,0.5330370639738733,0.0,0
32,0.0,0.5,0.1431919940003201,1.0,1
33,0.3137254901960784,0.5,0.814845351279813,0.3333333333333333,3
34,0.9411764705882354,0.375,0.06137484258704259,1.0,1
35,0.09803921568627455,0.75,0.4903616634578011,1.0,2
36,0.17647058823529416,0.75,0.7363866518294496,0.3333333333333333,2
37,1.0,0.375,0.4511831156178765,0.3333333333333333,3
38,0.5294117647058824,0.5,0.7512850357767802,0.3333333333333333,3
39,0.05882352941176472,0.5,0.25194888765691775,0.3333333333333333,0
40,0.09803921568627455,0.5,0.9363380601025629,0.6666666666666667,1
41,0.5882352941176471,0.375,0.18218643513856403,0.0,3
42,0.27450980392156865,0.25,0.8096964991572182,0.6666666666666667,1
43,0.7254901960784313,0.5,0.774386816597933,0.0,3
44,0.7058823529411765,0.0,0.691160790921359,1.0,1
45,0.9019607843137255,0.375,0.7339834921070562,1.0,2
46,0.5686274509803921,0.25,0.24094211306210603,0.6666666666666667,1
47,0.37254901960784315,0.0,0.557817688465729,0.0,3
48,0.47058823529411764,0.5,0.6381866255595435,0.6666666666666667,2
49,0.13725490196078433,0.0,0.46569835035579155,0.6666666666666667,1
50,0.8627450980392156,0.375,0.6574851771794559,0.0,3
51,0.11764705882352944,0.75,0.1568707031674415,0.6666666666666667,2
52,0.17647058823529416,0.375,0.9492920613442137,0.0,3
53,0.5098039215686275,1.0,0.2475652581171682,0.0,0
54,0.5294117647058824,0.5,0.6988639772156052,0.6666666666666667,2
55,0.27450980392156865,0.125,0.846944007403167,0.6666666666666667,1
56,0.2941176470588236,1.0,0.4276143712710065,0.6666666666666667,2
57,0.6666666666666666,0.375,0.8819573847481934,0.3333333333333333,3
58,0.3137254901960784,0.25,0.8122775441655306,0.6666666666666667,1
59,0.0,1.0,0.9403778361240885,0.0,0
60,0.9019607843137255,0.25,0.7843957979480125,0.6666666666666667,1
61,0.27450980392156865,0.75,0.5244383039996736,1.0,2
62,0.5490196078431373,0.5,0.582872528192394,0.6666666666666667,2
63,0.3529411764705882,0.125,0.03914920060618821,1.0,1
64,0.8823529411764707,0.0,0.5860856934277986,0.6666666666666667,1
65,0.8039215686274509,0.75,0.7597756291950606,0.0,0
66,0.5490196078431373,0.375,0.26219487734593144,0.6666666666666667,1
67,0.5882352941176471,1.0,0.3702868317532542,0.0,0
68,0.3529411764705882,0.125,0.6703532783034466,0.0,3
69,0.7058823529411765,0.5,0.6484795548534423,0.3333333333333333,3
70,0.019607843137254943,0.75,0.5336847804698075,1.0,2
71,0.47058823529411764,0.375,0.464873564179782,0.3333333333333333,0
72,0.6666666666666666,0.625,0.10234622711013266,0.3333333333333333,0
73,0.11764705882352944,0.875,0.43055171157937305,0.6666666666666667,2
74,0.5098039215686275,0.125,0.14905287603310227,0.6666666666666667,1
75,0.05882352941176472,0.5,0.725924348888925,1.0,1
76,0.5294117647058824,0.375,0.5714328922894572,0.0,3
77,0.5294117647058824,0.0,0.672692553322101,0.0,3
78,0.4509803921568628,0.0,0.9608969926821973,1.0,1
79,0.2941176470588236,0.75,0.6991481579223463,0.6666666666666667,2
80,0.7647058823529412,1.0,0.26360803030498525,0.3333333333333333,0
81,0.05882352941176472,1.0,0.7546108298179917,0.6666666666666667,2
82,0.37254901960784315,0.5,0.5734894833479546,0.0,3
83,0.9607843137254902,0.5,0.6084660752315504,1.0,2
84,0.8039215686274509,0.875,0.8836084463292646,0.0,0
85,0.8431372549019608,1.0,0.8398519633932133,0.0,0
86,0.8431372549019608,0.875,0.5741786847871507,1.0,2
87,0.13725490196078433,0.625,0.7894483397282148,0.0,3
88,0.6862745098039217,0.0,0.7986079067125003,1.0,1
89,0.5490196078431373,0.0,0.8649036342093223,1.0,1
90,0.7843137254901961,0.0,0.5659151618765768,1.0,1
91,0.823529411764706,0.875,0.28443996074994593,0.6666666666666667,2
92,0.7647058823529412,0.25,0.28785443472887434,1.0,1
93,0.5882352941176471,0.625,0.7444536620760741,0.0,0
94,1.0,0.5,0.6457721996484705,0.0,3
95,0.7254901960784313,0.0,0.17382645423894005,0.6666666666666667,1
96,0.27450980392156865,0.375,0.2926399005220646,0.3333333333333333,0
97,0.4901960784313726,0.125,0.785113915694756,0.0,3
98,0.9019607843137255,0.625,0.07714960837518173,0.3333333333333333,0
99,0.9607843137254902,0.125,0.363212307379218,1.0,1
100,0.7450980392156864,0.875,0.14275713660703554,0.3333333333333333,0
101,0.11764705882352944,0.0,0.501632719631608,0.6666666666666667,1
102,0.2549019607843137,0.0,0.7146191817770828,0.6666666666666667,1
103,0.7647058823529412,0.125,0.6498431136702217,0.3333333333333333,3
104,0.3921568627450981,0.875,0.3967519969902783,1.0,2
105,0.6862745098039217,0.375,0.7041861652137483,1.0,2
106,0.9215686274509803,0.625,0.3232511006492814,0.0,0
107,0.1960784313725491,0.75,0.08692834788730475,0.3333333333333333,0
108,0.6666666666666666,0.375,0.7666630266508806,0.0,3
109,0.7058823529411765,0.625,0.06753319665684701,0.6666666666666667,2
110,0.23529411764705888,0.625,0.3991990420034026,0.6666666666666667,2
111,0.9411764705882354,0.5,0.07570569071387989,0.6666666666666667,1
112,0.0,0.75,0.69824644206645,0.0,0
113,0.019607843137254943,0.5,0.04725330865966331,0.3333333333333333,0
114,0.019607843137254943,0.875,0.8704673277606361,1.0,2
115,0.6666666666666666,0.375,0.14317251376163564,0.6666666666666667,1
116,0.607843137254902,0.625,0.24092497502910423,0.0,0
117,0.7450980392156864,1.0,0.5692803270499298,1.0,2
118,0.13725490196078433,0.375,0.5264056655912155,1.0,1
119,0.7647058823529412,0.875,0.2615322670252417,1.0,2
120,0.27450980392156865,0.875,0.6745825257829683,0.0,0
121,0.09803921568627455,0.625,0.5725533674835548,0.0,0
122,0.21568627450980393,1.0,0.4415685221756722,0.0,0
123,0.43137254901960786,0.625,0.7819622400520815,0.6666666666666667,2
124,0.2549019607843137,0.5,0.2048157702197949,0.0,0
125,0.0,1.0,0.18235349941836573,1.0,2
126,0.6470588235294118,1.0,0.5594026843487101,0.6666666666666667,2
127,0.6274509803921569,0.0,0.49764430551325733,0.0,3
128,0.27450980392156865,0.625,0.42761562221019206,1.0,1
129,0.3921568627450981,0.875,0.36075149783814,0.6666666666666667,2
130,0.4901960784313726,0.5,0.6877524860629766,0.0,3
131,0.9215686274509803,0.625,0.060035546423943285,1.0,2
132,0.13725490196078433,0.25,0.8680379905014126,1.0,1
133,0.7843137254901961,0.625,0.11450495745896633,1.0,2
134,0.7450980392156864,0.5,0.32355449666514763,0.3333333333333333,0
135,0.07843137254901966,0.5,0.6665264930772226,1.0,1
136,0.17647058823529416,0.5,0.36901767998215773,0.3333333333333333,0
137,0.23529411764705888,1.0,0.24204606622997796,1.0,2
138,0.27450980392156865,0.875,0.15001758868705023,0.3333333333333333,0
139,0.43137254901960786,0.5,0.8214392155762253,0.6666666666666667,2
140,0.7450980392156864,0.875,0.021264845557867847,1.0,2
141,0.5686274509803921,0.625,0.9171849384359514,0.6666666666666667,2
142,0.43137254901960786,0.875,0.5586522216587623,0.6666666666666667,2
143,0.3921568627450981,0.625,0.8624169706185104,1.0,2
144,0.9019607843137255,0.625,0.6745685459310619,1.0,2
145,0.3529411764705882,0.25,0.8789176096987106,0.3333333333333333,3
146,0.8823529411764707,0.625,0.7139569995785467,0.6666666666666667,2
147,0.23529411764705888,0.375,0.38115262763304003,0.3333333333333333,0
148,0.1960784313725491,0.375,0.7018808008351926,0.6666666666666667,1
149,0.1960784313725491,0.75,0.7695173640448344,1.0,2
150,0.823529411764706,0.125,0.3462820253988909,0.3333333333333333,3
151,0.5882352941176471,0.375,0.010742044456900995,0.0,3
152,0.4901960784313726,0.375,0.6492833551955661,0.3333333333333333,0
153,0.9607843137254902,0.375,0.3369906964885467,0.6666666666666667,1
154,0.1960784313725491,0.125,0.6919877281320475,0.6666666666666667,1
155,0.2549019607843137,0.75,0.08472068700403274,0.0,0
156,0.9019607843137255,0.5,0.9465666255249636,0.0,3
157,0.823529411764706,0.0,0.401320342552567,0.0,3
158,0.17647058823529416,0.875,0.9799870235624186,0.6666666666666667,2
159,0.7058823529411765,0.875,0.030706887668857284,0.6666666666666667,2
160,0.7843137254901961,0.875,0.7644248272344539,1.0,2
161,0.8431372549019608,0.0,0.3606643329260393,1.0,1
162,0.6666666666666666,0.5,0.27485606110889826,0.6666666666666667,1
163,0.5686274509803921,1.0,0.20415415759804267,0.6666666666666667,2
164,0.5686274509803921,0.375,0.6682528934751478,0.6666666666666667,2
165,0.05882352941176472,0.5,0.27734674523864283,1.0,1
166,0.5882352941176471,0.25,0.9355250591124779,1.0,1
167,0.4509803921568628,0.0,0.7580651395305851,0.0,3
168,0.7647058823529412,0.75,0.7719256785719688,0.3333333333333333,0
169,0.5294117647058824,0.5,0.8624319314754118,0.3333333333333333,3
170,0.4117647058823529,1.0,0.8516505631576413,1.0,2
171,0.1960784313725491,0.0,0.8259096809842618,0.0,3
172,0.5686274509803921,0.75,0.01561989215344254,0.3333333333333333,0
173,0.07843137254901966,0.75,0.5572279282004268,1.0,2
174,0.09803921568627455,0.25,0.39670790889172475,0.0,3
175,0.27450980392156865,1.0,0.6452646888666862,0.3333333333333333,0
176,0.2549019607843137,0.25,0.6728355763912367,0.6666666666666667,1
177,0.23529411764705888,0.25,0.8476981526152235,0.3333333333333333,3
178,0.6666666666666666,0.375,0.2803048188870501,0.3333333333333333,3
179,0.9215686274509803,0.375,0.3265397676685849,1.0,1
180,0.5490196078431373,0.75,0.6037756481003986,0.3333333333333333,0
181,0.5098039215686275,0.75,0.742292287237104,0.0,0
182,0.6274509803921569,0.875,0.899638942910418,0.0,0
183,0.019607843137254943,0.75,0.179006982630824,0.0,0
184,0.21568627450980393,0.75,0.23054774165896438,0.6666666666666667,2
185,0.03921568627450983,0.25,0.7648409263952143,0.6666666666666667,1
186,0.8627450980392156,0.125,0.21454361613665898,0.3333333333333333,3
187,0.21568627450980393,0.375,0.38075846070925445,0.6666666666666667,1
188,0.7450980392156864,0.25,0.9941204040173006,0.3333333333333333,3
189,0.607843137254902,0.125,0.19132254902405224,0.3333333333333333,3
190,0.4117647058823529,0.375,0.4020430944968496,1.0,1
191,0.823529411764706,0.75,0.756943279762937,0.0,0
192,0.17647058823529416,0.125,0.05865415517912132,0.6666666666666667,1
193,0.8039215686274509,0.75,0.0941775933541901,1.0,2
194,0.823529411764706,0.375,0.08205124348932469,0.6666666666666667,1
195,0.9215686274509803,0.25,0.834861735695339,0.3333333333333333,3
196,0.5882352941176471,0.75,0.44937126593023385,0.0,0
197,0.823529411764706,0.625,0.024359422264274476,0.0,0
198,0.8823529411764707,0.875,0.6130768669137112,0.0,0
199,0.7254901960784313,0.875,0.5564613874656069,0.3333333333333333,0
200,0.07843137254901966,0.5,0.5915816295526412,0.0,0
201,0.9019607843137255,1.0,0.058356355931668,0.3333333333333333,0
202,0.6470588235294118,0.0,0.97219324036832,0.0,3
203,0.5294117647058824,0.875,0.8479293477548412,0.3333333333333333,2
204,0.03921568627450983,0.125,0.04763969928955867,1.0,1
205,0.0,0.375,0.06994402081534162,0.6666666666666667,1
206,0.9215686274509803,0.125,0.5791232344249928,0.0,3
207,0.8039215686274509,0.125,0.18404694389203283,0.6666666666666667,1
208,0.1960784313725491,0.75,0.6289597387266661,0.3333333333333333,0
209,0.05882352941176472,0.875,0.4621950079413292,0.0,0
210,0.3921568627450981,0.5,0.4508927478724987,0.6666666666666667,2
211,0.1568627450980392,1.0,0.47042914062733987,0.0,0
212,0.5686274509803921,0.25,0.3018699946662011,1.0,1
213,0.03921568627450983,0.375,0.6620025287278,0.3333333333333333,3
214,0.7843137254901961,0.75,0.16719677079859613,0.3333333333333333,0
215,0.5490196078431373,0.125,0.8697306272558673,1.0,1
216,0.3137254901960784,0.75,0.6835685724238579,0.3333333333333333,0
217,0.6274509803921569,0.375,0.5257807793695279,0.0,3
218,0.7450980392156864,0.625,0.09507910652779836,0.6666666666666667,2
219,0.27450980392156865,0.125,0.13554991383693235,0.6666666666666667,1
220,0.2941176470588236,0.875,0.33600476866303974,0.3333333333333333,0
221,1.0,0.875,0.2982492811357508,0.0,0
222,0.019607843137254943,0.375,0.09847632557686009,0.3333333333333333,0
223,0.9607843137254902,0.875,0.09539728710674364,1.0,2
224,0.47058823529411764,0.5,0.5420456766774682,0.0,3
225,0.07843137254901966,0.25,0.6639373281383477,0.0,3
226,0.7843137254901961,0.875,0.6508010254711395,0.3333333333333333,0
227,0.37254901960784315,0.5,0.4111110954128811,0.0,3
228,0.8039215686274509,0.625,0.06708308137654106,0.6666666666666667,2
229,0.7450980392156864,0.375,0.33039947323794083,0.3333333333333333,3
230,0.03921568627450983,0.25,0.7715519955348338,0.3333333333333333,3
231,0.5882352941176471,0.375,0.494918358832252,0.0,3
232,0.8627450980392156,0.0,0.8925401047117476,0.0,3
233,0.4117647058823529,0.25,0.14931618492002066,1.0,1
234,0.7647058823529412,0.875,0.975073030169217,0.0,0
235,0.7647058823529412,0.875,0.04661107956056699,0.0,0
236,0.6274509803921569,0.75,0.4162123850981604,0.3333333333333333,0
237,0.8039215686274509,0.25,0.8386583328620616,0.3333333333333333,3
238,0.7450980392156864,0.625,0.24495821752119487,0.3333333333333333,0
239,0.09803921568627455,0.75,0.48590133362929344,0.0,0
240,0.607843137254902,0.5,0.7262980319097919,0.3333333333333333,3
241,0.7843137254901961,1.0,0.8170943143688787,1.0,2
242,0.37254901960784315,0.125,0.38494126608956714,0.0,3
243,0.3137254901960784,0.75,0.9327826140450795,0.3333333333333333,2
244,0.4509803921568628,0.75,0.8192689140099448,0.6666666666666667,2
245,0.9803921568627451,0.375,0.16432597046043265,0.6666666666666667,1
246,0.43137254901960786,0.625,0.47562713571662807,0.6666666666666667,2
247,0.4901960784313726,0.25,0.22308374206019396,0.0,3
248,0.43137254901960786,0.625,0.08526429382792791,0.3333333333333333,0
249,0.8823529411764707,0.5,0.743347278513785,1.0,2
250,0.5490196078431373,0.25,0.7476224783586816,0.0,3
251,0.5686274509803921,0.625,0.14733537909255381,1.0,2
252,0.6470588235294118,0.625,0.9286173566448219,1.0,2
253,1.0,0.0,0.33758911382713475,1.0,1
254,0.9803921568627451,1.0,0.7582889021327136,0.3333333333333333,0
255,0.2549019607843137,1.0,0.16646817580269016,0.0,0
256,0.9019607843137255,0.0,0.17808071056295421,1.0,1
257,0.7647058823529412,0.625,0.8908890638255116,1.0,2
258,0.6666666666666666,0.5,0.7491598588652689,0.0,3
259,0.21568627450980393,0.875,0.09057637847572028,1.0,2
260,0.11764705882352944,0.875,0.503732574998515,0.0,0
261,0.4901960784313726,0.5,0.20723118139470345,0.0,3
262,0.23529411764705888,0.75,0.6062628227584833,0.0,0
263,0.27450980392156865,0.875,0.4267426263484943,0.6666666666666667,2
264,0.9803921568627451,0.375,0.6531837470715599,0.0,3
265,0.5490196078431373,0.25,0.04748597626408974,0.6666666666666667,1
266,0.33333333333333337,0.625,0.15797762027674994,0.3333333333333333,0
267,0.7058823529411765,0.75,0.48337580274006664,0.0,0
268,0.8627450980392156,0.375,0.8264161892918385,1.0,2
269,0.9019607843137255,0.125,0.83998273290052,0.3333333333333333,3
270,0.27450980392156865,0.625,0.9897525142879693,0.6666666666666667,2
271,0.7450980392156864,0.375,0.9834336278996876,0.0,3
272,0.7450980392156864,1.0,0.7724919203317062,1.0,2
273,0.7647058823529412,0.75,0.0083164278237194,0.0,0
274,0.8431372549019608,0.625,0.5406314719219187,1.0,2
275,0.23529411764705888,0.125,0.46080320697913735,0.3333333333333333,0
276,0.3529411764705882,0.0,0.7176880065438708,0.0,3
277,0.7058823529411765,0.75,0.7511396888043353,0.0,0
278,0.0,0.75,0.5819172247189758,0.0,0
279,0.3921568627450981,0.0,0.30798545337895833,0.6666666666666667,1
280,0.9607843137254902,1.0,0.17806274584517237,0.3333333333333333,0
281,0.07843137254901966,0.5,0.4595655044086825,1.0,1
282,0.47058823529411764,0.0,0.8900116929317652,0.6666666666666667,1
283,0.019607843137254943,0.25,0.3850137786105069,0.0,3
284,0.2941176470588236,0.125,0.6672464713040985,0.3333333333333333,3
285,0.17647058823529416,0.5,0.28338399101229444,0.0,0
286,0.5882352941176471,0.75,0.03774116405639786,0.0,0
287,0.823529411764706,0.875,0.7215002912980719,0.0,0
288,0.47058823529411764,0.75,0.7434522324034416,1.0,2
289,0.03921568627450983,0.0,0.47576827844850045,0.0,3
290,0.03921568627450983,1.0,0.0869485784662658,0.6666666666666667,2
291,0.5098039215686275,0.375,0.21809916864286502,1.0,1
292,0.823529411764706,0.375,0.5816133855183365,0.0,3
293,0.7647058823529412,0.375,0.5401174936922092,0.3333333333333333,3
294,0.9215686274509803,0.875,0.7767253308114129,1.0,2
295,0.27450980392156865,0.625,0.9740875700764151,1.0,2
296,0.7843137254901961,0.5,0.9610715988031726,0.3333333333333333,3
297,0.8627450980392156,0.5,0.06989230640576269,0.3333333333333333,0
298,0.6470588235294118,0.5,0.4988172024452927,1.0,2
299,0.1960784313725491,0.625,0.5372703259753139,1.0,1
300,0.13725490196078433,0.125,0.37481752215159503,0.6666666666666667,1
301,0.7450980392156864,0.0,0.48754024963298503,0.3333333333333333,3
302,0.9019607843137255,0.375,0.14780208089259486,0.6666666666666667,1
303,0.37254901960784315,0.875,0.8847811730847335,0.6666666666666667,2
304,0.5098039215686275,0.625,0.42351600576363263,0.3333333333333333,0
305,0.43137254901960786,0.625,0.6028857004963224,0.6666666666666667,2
306,0.6666666666666666,0.125,0.0017869898120487088,0.3333333333333333,3
307,0.1568627450980392,0.75,0.5562674441441559,1.0,2
308,0.8431372549019608,0.625,0.8350298703331469,0.6666666666666667,2
309,0.8431372549019608,0.375,0.5099683469722304,1.0,1
310,0.27450980392156865,0.375,0.22230042610146397,1.0,1
311,0.7647058823529412,0.75,0.08893868520685255,0.3333333333333333,0
312,0.019607843137254943,0.125,0.46223857334665164,0.6666666666666667,1
313,0.17647058823529416,0.75,0.9187626469334992,0.3333333333333333,2
314,0.2549019607843137,0.25,0.3604081537190904,0.0,3
315,0.3529411764705882,1.0,0.9492200415676789,0.6666666666666667,2
316,0.7058823529411765,0.25,0.756602405808982,0.3333333333333333,3
317,0.21568627450980393,0.625,0.8917269853879615,0.0,3
318,0.0,0.5,0.9640354444973214,0.3333333333333333,3
319,0.1960784313725491,0.5,0.6417503008397212,0.6666666666666667,1
320,0.5294117647058824,0.125,0.7060378801188328,1.0,1
321,0.3137254901960784,0.125,0.9520212704670628,0.0,3
322,0.6274509803921569,0.75,0.6325413760894496,0.0,0
323,0.019607843137254943,0.125,0.1575022008585591,1.0,1
324,0.21568627450980393,0.375,0.30372797908660165,0.6666666666666667,1
325,0.5490196078431373,0.0,0.6469122425944944,0.3333333333333333,3
326,0.13725490196078433,1.0,0.21079089382429425,0.3333333333333333,0
327,0.13725490196078433,0.25,0.8444478143031621,0.0,3
328,0.4117647058823529,0.375,0.23639791069898877,1.0,1
329,0.3921568627450981,1.0,0.2933107785271673,0.6666666666666667,2
330,0.7450980392156864,0.875,0.13459103938737343,0.3333333333333333,0
331,0.7254901960784313,0.25,0.17250826097646269,0.3333333333333333,3
332,0.5294117647058824,1.0,0.5723927054037489,0.3333333333333333,0
333,0.47058823529411764,0.5,0.9997438097455589,0.6666666666666667,2
334,0.0,0.75,0.47094607337625904,0.3333333333333333,0
335,0.05882352941176472,0.75,0.3259356152630274,0.0,0
336,0.9019607843137255,0.25,0.6000721625643614,0.6666666666666667,1
337,0.6274509803921569,0.0,0.34096710149199433,0.3333333333333333,3
338,0.0,0.5,0.7351970556429281,1.0,1
339,0.7058823529411765,0.875,0.671736774982373,1.0,2
340,0.6470588235294118,0.625,0.30310299785868466,1.0,2
341,0.823529411764706,0.0,0.02353467444992558,0.3333333333333333,3
342,0.6470588235294118,0.625,0.2240978262346203,0.0,0
343,0.9803921568627451,0.0,0.09091968770934405,1.0,1
344,0.3529411764705882,0.25,0.7240207399478179,0.0,3
345,0.07843137254901966,0.5,0.5282814775300447,0.3333333333333333,0
346,0.1960784313725491,0.375,0.09160741432533728,0.6666666666666667,1
347,0.823529411764706,0.375,0.06448613833993425,0.3333333333333333,0
348,0.9215686274509803,0.125,0.08600182400767001,0.6666666666666667,1
349,0.3921568627450981,0.625,0.8343496195006945,0.6666666666666667,2
350,0.9019607843137255,0.625,0.8067127152684507,0.0,0
351,0.6862745098039217,1.0,0.6516381636670124,0.6666666666666667,2
352,0.5490196078431373,0.125,0.4345998247967216,0.6666666666666667,1
353,0.11764705882352944,0.25,0.2808722513853696,0.0,3
354,0.6274509803921569,0.875,0.5351822892031033,0.6666666666666667,2
355,0.5490196078431373,0.625,0.801325411862053,0.0,0
356,0.3921568627450981,0.125,0.31937760709053004,0.3333333333333333,3
357,0.4901960784313726,0.875,0.985518902996386,0.3333333333333333,2
358,0.5686274509803921,0.875,0.7340528160546205,0.0,0
359,0.3529411764705882,0.75,0.8409217889178737,1.0,2
360,0.5294117647058824,0.75,0.20870359062925123,1.0,2
361,0.4117647058823529,0.375,0.14310605723040667,0.3333333333333333,3
362,0.8627450980392156,1.0,0.639962649709422,0.0,0
363,0.9215686274509803,1.0,0.48505840077250606,0.6666666666666667,2
364,0.4509803921568628,0.25,0.6117279386928179,0.3333333333333333,3
365,0.03921568627450983,0.0,0.943451992191953,1.0,1
366,0.11764705882352944,0.375,0.06903191987420385,0.0,0
367,0.6862745098039217,0.875,0.2894453104886518,0.6666666666666667,2
368,0.4117647058823529,0.5,0.8526778253571144,0.0,3
369,0.8431372549019608,0.75,0.8203215976684178,1.0,2
370,0.2941176470588236,0.5,0.31600547538857787,0.0,0
371,0.5490196078431373,1.0,0.219395715334033,1.0,2
372,0.7647058823529412,0.875,0.06117111223163831,0.3333333333333333,0
373,0.47058823529411764,0.5,0.4153424446702361,0.6666666666666667,2
374,0.7254901960784313,0.5,0.8553707005366954,0.3333333333333333,3
375,0.4509803921568628,0.5,0.8320942490444271,0.0,3
376,0.6470588235294118,0.5,0.5638507479788399,0.6666666666666667,2
377,0.07843137254901966,0.75,0.44577405146971716,0.3333333333333333,0
378,0.7058823529411765,0.75,0.2118871674779382,0.0,0
379,0.27450980392156865,0.0,0.500405405301504,1.0,1
380,1.0,0.0,0.5219091088498258,1.0,1
381,0.5294117647058824,0.25,0.9518303227819482,0.6666666666666667,2
382,0.7647058823529412,0.75,0.06803841498713195,0.6666666666666667,2
383,0.37254901960784315,0.0,0.41562389071389305,0.3333333333333333,3
384,0.6470588235294118,0.125,0.6373478157099357,0.3333333333333333,3
385,0.019607843137254943,0.25,0.13042759546085872,1.0,1
386,0.8039215686274509,0.125,0.7615627960214987,0.3333333333333333,3
387,0.8039215686274509,0.375,0.48448939642359645,0.0,3
388,0.6862745098039217,0.375,0.982443213865567,1.0,2
389,0.6470588235294118,0.75,0.704296587362032,0.0,0
390,0.23529411764705888,0.875,0.003034978687584476,0.3333333333333333,0
391,0.6666666666666666,0.625,0.3786736807420279,0.3333333333333333,0
392,0.17647058823529416,0.25,0.6398166745534595,0.3333333333333333,0
393,0.9411764705882354,0.5,0.19099063049182238,0.6666666666666667,1
394,0.6274509803921569,1.0,0.8044478809256345,0.6666666666666667,2
395,0.7843137254901961,0.5,0.6288334647590245,0.6666666666666667,2
396,0.8431372549019608,0.125,0.6956087212034763,0.6666666666666667,1
397,0.607843137254902,0.25,0.8665553642007492,1.0,1
398,0.019607843137254943,0.125,0.609333465850365,0.6666666666666667,1
399,0.019607843137254943,0.25,0.69345749620681,1.0,1
400,0.9411764705882354,0.375,0.13699992993748733,0.6666666666666667,1
401,0.23529411764705888,0.25,0.8623059269512402,0.6666666666666667,1
402,0.4901960784313726,0.5,0.22721787823023645,0.3333333333333333,0
403,0.23529411764705888,0.75,0.550271785215209,1.0,2
404,0.6470588235294118,0.25,0.2017997231973586,0.6666666666666667,1
405,0.8823529411764707,0.75,0.5524146713986625,0.0,0
406,0.7647058823529412,0.75,0.6368116713708599,0.0,0
407,0.6274509803921569,0.125,0.9186258738957771,0.6666666666666667,1
408,0.37254901960784315,0.25,0.20953525157938,0.6666666666666667,1
409,0.07843137254901966,0.5,0.023219598694258,0.3333333333333333,0
410,0.7647058823529412,0.375,0.6095531560783938,0.3333333333333333,3
411,0.6274509803921569,0.625,0.8194500396968672,1.0,2
412,0.607843137254902,0.25,0.28946142117355755,0.0,3
413,0.607843137254902,0.25,0.822760495460526,0.0,3
414,0.6862745098039217,0.625,0.2804765877937558,0.3333333333333333,0
415,0.5490196078431373,0.625,0.25427936691067543,0.0,0
416,0.4901960784313726,0.875,0.09699066557881034,1.0,2
417,0.21568627450980393,0.625,0.9095548969413265,0.3333333333333333,2
418,0.4901960784313726,0.75,0.7114926791546297,1.0,2
419,0.9607843137254902,1.0,0.826145965297763,1.0,2
420,0.47058823529411764,0.875,0.8901190266480598,0.6666666666666667,2
421,0.3529411764705882,0.25,0.5763052199388382,0.3333333333333333,3
422,0.9215686274509803,0.75,0.33239234346670776,0.3333333333333333,0
423,0.6470588235294118,0.75,0.5077827792375144,0.6666666666666667,2
424,0.11764705882352944,0.375,0.6602223594050871,1.0,1
425,0.9215686274509803,0.375,0.2922402685367341,0.3333333333333333,3
426,0.9607843137254902,0.875,0.8796105651613356,0.3333333333333333,0
427,0.11764705882352944,0.875,0.772420483661277,0.3333333333333333,2
428,0.27450980392156865,0.125,0.9555423074814409,0.0,3
429,0.8627450980392156,0.0,0.941873605972899,0.3333333333333333,3
430,0.17647058823529416,0.875,0.5267584305637913,0.3333333333333333,0
431,0.8823529411764707,0.625,0.059587302612977365,1.0,2
432,0.5294117647058824,0.75,0.8835004785896977,0.0,0
433,0.4901960784313726,1.0,0.11621550563352936,1.0,2
434,0.07843137254901966,0.75,0.7099883090049386,1.0,2
435,0.03921568627450983,0.625,0.05395624171103822,0.6666666666666667,2
436,0.05882352941176472,1.0,0.1931513696869183,0.6666666666666667,2
437,0.7058823529411765,0.25,0.77425419930493,0.3333333333333333,3
438,0.21568627450980393,0.0,0.8041550483444222,1.0,1
439,0.3137254901960784,0.875,0.3549798583112251,0.3333333333333333,0
440,0.21568627450980393,0.875,0.5471870181948543,1.0,2
441,0.03921568627450983,1.0,0.8266823060011372,0.3333333333333333,2
442,0.1960784313725491,0.125,0.8246423526461131,1.0,1
443,0.7843137254901961,0.25,0.4048963036833068,0.0,3
444,0.5882352941176471,0.125,0.7118423078038799,1.0,1
445,0.9411764705882354,0.0,0.8309195292030925,0.6666666666666667,1
446,0.019607843137254943,0.875,0.5694495814467236,0.6666666666666667,2
447,0.47058823529411764,0.0,0.2991235095027459,1.0,1
448,0.8627450980392156,0.0,0.36957399642996924,1.0,1
449,0.13725490196078433,0.25,0.5408218641624261,0.0,3
450,0.2941176470588236,0.375,0.3055301428181235,0.0,3
451,0.07843137254901966,0.75,0.7283911783628207,0.3333333333333333,2
452,0.6470588235294118,0.875,0.8764366464663969,0.3333333333333333,2
453,0.823529411764706,0.5,0.7641368408987157,1.0,2
454,0.7254901960784313,0.75,0.4386523840230929,0.0,0
455,0.7450980392156864,0.125,0.5243882091877782,0.0,3
456,0.07843137254901966,0.75,0.9719557327936734,1.0,2
457,0.11764705882352944,0.875,0.3331752665965921,0.0,0
458,0.13725490196078433,0.875,0.7925470934763288,0.3333333333333333,2
459,0.23529411764705888,0.625,0.47726982409362784,1.0,1
460,0.05882352941176472,0.625,0.72143945582223,0.0,0
461,0.9411764705882354,0.375,0.14022422285378308,0.0,3
462,0.8627450980392156,0.5,0.6091374897855283,1.0,2
463,0.11764705882352944,0.5,0.03540613672594609,0.0,0
464,0.6666666666666666,0.625,0.7415056600350491,0.0,0
465,0.03921568627450983,0.375,0.9079741111581674,0.3333333333333333,3
466,0.2549019607843137,0.375,0.1537200256009211,0.3333333333333333,0
467,0.1960784313725491,0.625,0.9931994118527867,1.0,2
468,0.6666666666666666,0.625,0.08833402274073021,1.0,2
469,0.1960784313725491,0.0,0.6626626564161193,0.0,3
470,0.11764705882352944,0.125,0.8047523305025338,0.3333333333333333,3
471,0.3529411764705882,1.0,0.9673674339980549,1.0,2
472,0.47058823529411764,0.375,0.9224751256816269,0.6666666666666667,2
473,0.6470588235294118,1.0,0.8354148168864444,0.0,0
474,0.9019607843137255,0.0,0.218631168726676,0.6666666666666667,1
475,1.0,1.0,0.8239137733657659,1.0,2
476,0.8627450980392156,0.375,0.7119041416329505,0.6666666666666667,1
477,0.823529411764706,0.375,0.5179076246144941,0.0,3
478,0.9215686274509803,0.875,0.8551095569505064,1.0,2
479,0.8039215686274509,0.25,0.03508878936434922,0.6666666666666667,1
480,0.43137254901960786,0.5,0.3571705159250149,0.3333333333333333,0
481,0.4901960784313726,0.375,0.6438102915476693,1.0,1
482,1.0,0.75,0.6786184460641679,0.6666666666666667,2
483,0.019607843137254943,0.875,0.5129812278493807,0.0,0
484,0.3137254901960784,0.625,0.8732034900661582,0.6666666666666667,2
485,0.8039215686274509,0.75,0.6815959889630364,0.0,0
486,0.9607843137254902,0.25,0.9957635305945332,1.0,2
487,0.4901960784313726,0.5,0.7075814370410497,0.0,3
488,0.27450980392156865,0.625,0.27130368668111365,0.6666666666666667,2
489,0.07843137254901966,0.25,0.9910978921045261,1.0,1
490,0.27450980392156865,0.375,0.8826653260915213,0.0,3
491,0.23529411764705888,0.125,0.5553655407684164,0.6666666666666667,1
492,0.3921568627450981,1.0,0.8341611321698005,0.0,0
493,0.823529411764706,0.75,0.9253415786005087,0.3333333333333333,0
494,0.3921568627450981,0.375,0.20288644457256536,1.0,1
495,0.5490196078431373,0.75,0.6801017855270363,0.0,0
496,0.7058823529411765,0.5,0.19536785779482221,0.0,3
497,0.5686274509803921,1.0,0.07977600051068623,0.3333333333333333,0
498,0.019607843137254943,0.25,0.773721452078372,0.3333333333333333,3
499,0.6666666666666666,0.875,0.9881603125117544,1.0,2
500,0.9607843137254902,0.25,0.39796492099783487,1.0,1
501,0.17647058823529416,0.625,0.37064242895870064,0.6666666666666667,2
502,0.7058823529411765,1.0,0.23818448519345206,0.6666666666666667,2
503,0.6274509803921569,0.0,0.8158280814835311,1.0,1
504,0.07843137254901966,0.5,0.5851395522610596,1.0,1
505,0.6274509803921569,1.0,0.5738310442651171,1.0,2
506,0.8431372549019608,1.0,0.3555608930965118,0.0,0
507,0.23529411764705888,1.0,0.4476931397889184,0.3333333333333333,0
508,0.5098039215686275,0.625,0.9432073152845928,1.0,2
509,0.43137254901960786,0.75,0.36696640441896117,1.0,2
510,0.019607843137254943,0.75,0.7512424653352038,0.0,0
511,0.8627450980392156,0.125,0.15757386918640706,0.6666666666666667,1
512,0.17647058823529416,0.5,0.8650687636762624,0.3333333333333333,3
513,0.9411764705882354,0.625,0.7462493859359399,0.6666666666666667,2
514,0.7450980392156864,1.0,0.16569075347173987,0.0,0
515,0.21568627450980393,0.375,0.6453121063203437,0.0,3
516,0.47058823529411764,0.5,0.956902843279164,1.0,2
517,0.7058823529411765,0.25,0.20993354651128857,1.0,1
518,0.019607843137254943,1.0,0.5989736818078598,0.6666666666666667,2
519,0.9411764705882354,0.25,0.7637785003273815,0.6666666666666667,1
520,0.6862745098039217,0.0,0.6602220603538735,0.0,3
521,0.05882352941176472,0.625,0.17559383827480285,0.3333333333333333,0
522,0.1960784313725491,1.0,0.971633587857099,1.0,2
523,0.2941176470588236,0.625,0.8786357191624985,1.0,2
524,0.11764705882352944,0.5,0.0228617926061793,1.0,1
525,0.17647058823529416,0.125,0.8497702398243092,0.6666666666666667,1
526,0.8627450980392156,0.25,0.0764027930693714,0.3333333333333333,3
527,0.8627450980392156,0.625,0.2953410345817296,1.0,2
528,0.7058823529411765,0.375,0.9361096875093459,0.0,3
529,0.9215686274509803,0.25,0.0981415853573524,0.6666666666666667,1
530,0.07843137254901966,0.875,0.5538472004227062,0.3333333333333333,0
531,0.5490196078431373,0.0,0.33223919297534565,1.0,1
532,0.7450980392156864,1.0,0.1453035618927571,0.6666666666666667,2
533,0.9803921568627451,0.75,0.6230180372808419,0.6666666666666667,2
534,0.7843137254901961,0.25,0.519507686867923,0.3333333333333333,3
535,0.1568627450980392,1.0,0.5949473864479505,0.0,0
536,0.6274509803921569,0.625,0.38061072458559436,0.0,0
537,0.607843137254902,1.0,0.6909830821540343,0.6666666666666667,2
538,0.6862745098039217,0.125,0.3601769976645059,1.0,1
539,0.23529411764705888,0.5,0.6595247495443702,0.3333333333333333,3
540,0.1960784313725491,0.5,0.35907879495033335,0.6666666666666667,2
541,0.7450980392156864,0.75,0.06322628857721863,0.3333333333333333,0
542,0.8431372549019608,0.375,0.6903515591944407,0.6666666666666667,1
543,0.5686274509803921,0.125,0.7400065791924755,0.0,3
544,0.9803921568627451,0.375,0.4054610645056099,0.3333333333333333,3
545,0.5294117647058824,0.125,0.9993852967963786,1.0,1
546,0.0,0.25,0.17235542627983577,0.3333333333333333,0
547,0.37254901960784315,0.125,0.45406016595614784,1.0,1
548,0.09803921568627455,0.75,0.7284188200033284,0.3333333333333333,2
549,0.27450980392156865,0.25,0.1938381196957524,0.6666666666666667,1
550,0.7647058823529412,0.875,0.17592485754765916,1.0,2
551,0.1568627450980392,0.0,0.9573825813463163,0.0,3
552,0.6862745098039217,0.25,0.27529272177588276,0.6666666666666667,1
553,0.6470588235294118,1.0,0.16301093980958622,0.6666666666666667,2
554,0.5882352941176471,0.75,0.6418703767987484,1.0,2
555,0.8431372549019608,0.875,0.12129533370410195,0.6666666666666667,2
556,0.9215686274509803,0.0,0.9820658202509727,0.6666666666666667,1
557,0.5882352941176471,0.625,0.8244852681837685,0.6666666666666667,2
558,0.7254901960784313,0.375,0.9672022183041074,1.0,2
559,0.8431372549019608,0.5,0.49335502279586085,1.0,2
560,0.2941176470588236,0.125,0.5125250935605165,0.6666666666666667,1
561,0.6274509803921569,1.0,0.9487093145394367,0.0,0
562,0.4901960784313726,0.0,0.04383143355856286,0.6666666666666667,1
563,0.17647058823529416,0.625,0.20668126938641138,0.0,0
564,0.7058823529411765,0.375,0.40067884535797726,0.0,3
565,0.5294117647058824,0.0,0.6864765551384582,0.0,3
566,0.8039215686274509,0.125,0.1444848575032539,0.0,3
567,0.4117647058823529,0.625,0.011465412328170235,0.3333333333333333,0
568,0.823529411764706,0.375,0.17924744154764816,0.6666666666666667,1
569,0.7450980392156864,0.75,0.9768758819514276,0.6666666666666667,2
570,0.33333333333333337,0.0,0.4792515829230112,0.0,3
571,0.6666666666666666,0.75,0.6318294330313419,0.3333333333333333,0
572,0.7843137254901961,0.75,0.26002395277235313,0.6666666666666667,2
573,0.03921568627450983,0.375,0.9613822602178115,0.3333333333333333,3
574,0.9607843137254902,0.625,0.7752443202420187,1.0,2
575,0.43137254901960786,0.25,0.03931948702353858,0.6666666666666667,1
576,0.8823529411764707,0.0,0.3080921549386657,1.0,1
577,0.4509803921568628,1.0,0.07235906832186864,0.3333333333333333,0
578,0.5098039215686275,0.25,0.12942466838594358,0.3333333333333333,3
579,0.03921568627450983,0.625,0.7092270558472076,0.6666666666666667,1
580,0.4901960784313726,0.75,0.20892940181866418,0.6666666666666667,2
581,0.03921568627450983,0.5,0.26105232717696675,0.0,0
582,0.43137254901960786,0.75,0.14325484011972406,0.0,0
583,0.17647058823529416,0.375,0.7723834950028702,0.0,3
584,0.3529411764705882,0.125,0.7103347150415196,0.3333333333333333,3
585,0.7254901960784313,1.0,0.9109066174838074,1.0,2
586,0.6666666666666666,1.0,0.6228101303194132,0.3333333333333333,0
587,0.6666666666666666,0.25,0.6222963532797541,0.3333333333333333,3
588,0.9019607843137255,0.375,0.4654815939303022,0.6666666666666667,1
589,0.2941176470588236,0.375,0.39518703433141034,0.6666666666666667,1
590,0.7647058823529412,0.875,0.6997386542463017,1.0,2
591,0.05882352941176472,0.0,0.3909836947946068,0.6666666666666667,1
592,0.3921568627450981,0.5,0.7145373165934696,0.0,3
593,0.27450980392156865,0.25,0.011432091400459359,0.3333333333333333,0
594,0.37254901960784315,0.375,0.03376411295113085,1.0,1
595,0.5882352941176471,0.125,0.7736187640076432,1.0,1
596,0.07843137254901966,0.875,0.7430962819080558,0.6666666666666667,2
597,0.9019607843137255,0.875,0.3785296975393147,0.3333333333333333,0
598,0.4509803921568628,0.375,0.8498669705614439,1.0,1
599,0.43137254901960786,0.125,0.008361709949189514,1.0,1
600,0.1568627450980392,0.5,0.861475450115117,0.0,3
601,0.9411764705882354,0.5,0.6340032101571962,1.0,2
602,0.7647058823529412,0.125,0.6255294889036415,1.0,1
603,0.27450980392156865,0.5,0.38054910709126405,1.0,1
604,0.5490196078431373,0.125,0.6454258680439677,0.0,3
605,0.8039215686274509,0.375,0.6945580787166223,0.3333333333333333,3
606,0.11764705882352944,0.75,0.8759994820016185,1.0,2
607,0.43137254901960786,1.0,0.8397175092882577,0.0,0
608,0.9803921568627451,0.625,0.49604238741024176,0.3333333333333333,0
609,0.47058823529411764,0.375,0.07725907392884501,0.3333333333333333,3
610,0.019607843137254943,0.25,0.8311915040662633,1.0,1
611,0.5686274509803921,0.0,0.37624592646383537,0.3333333333333333,3
612,0.4117647058823529,0.125,0.5132270811993586,0.6666666666666667,1
613,0.11764705882352944,0.375,0.11106462512733539,0.6666666666666667,1
614,0.7450980392156864,0.25,0.34336115637120346,1.0,1
615,0.6274509803921569,0.75,0.6766601669922838,1.0,2
616,0.21568627450980393,0.125,0.09103382346930922,0.6666666666666667,1
617,0.9411764705882354,0.875,0.6320229977793008,0.3333333333333333,0
618,0.7647058823529412,0.0,0.9137060519935678,0.3333333333333333,3
619,0.3137254901960784,0.0,0.6498994921412722,1.0,1
620,0.8431372549019608,0.625,0.9287406369041422,0.6666666666666667,2
621,0.8627450980392156,0.25,0.8639475226092624,0.3333333333333333,3
622,1.0,0.75,0.6892879546862672,0.0,0
623,0.5294117647058824,0.375,0.00828580523638979,0.0,3
624,0.6666666666666666,0.75,0.7400444206164909,1.0,2
625,0.607843137254902,0.125,0.42688861745609885,0.0,3
626,0.3529411764705882,0.125,0.45089292174303064,0.6666666666666667,1
627,0.27450980392156865,0.625,0.31391179164270994,1.0,1
628,0.43137254901960786,0.125,0.4891113377821743,1.0,1
629,0.3137254901960784,0.375,0.5961928095756818,1.0,1
630,0.7450980392156864,0.875,0.9950207860996527,0.3333333333333333,2
631,0.7254901960784313,0.25,0.28724089518595647,0.3333333333333333,3
632,0.3529411764705882,0.25,0.419372236142212,0.0,3
633,0.5882352941176471,0.375,0.7051879031560918,0.6666666666666667,2
634,0.37254901960784315,0.875,0.4197414284059524,1.0,2
635,0.13725490196078433,1.0,0.8061254457911461,0.0,0
636,0.47058823529411764,0.875,0.7807043045387148,0.3333333333333333,2
637,0.2941176470588236,0.125,0.9184473559708348,0.3333333333333333,3
638,0.5686274509803921,0.875,0.22316035297006628,0.6666666666666667,2
639,0.8627450980392156,0.125,0.30958249122066916,0.6666666666666667,1
640,0.4117647058823529,0.0,0.767011288545363,0.3333333333333333,3
641,0.6862745098039217,1.0,0.3619045317628939,0.3333333333333333,0
642,0.9215686274509803,0.375,0.9139458962451232,0.6666666666666667,1
643,0.5294117647058824,1.0,0.36690499608179433,0.6666666666666667,2
644,0.823529411764706,0.625,0.5432034443397479,0.6666666666666667,2
645,0.5882352941176471,0.625,0.6846553444780181,0.0,0
646,0.2549019607843137,0.25,0.04147613473732071,0.6666666666666667,1
647,0.8431372549019608,0.75,0.2581444774749509,1.0,2
648,0.9803921568627451,0.5,0.9691496278976015,1.0,2
649,0.33333333333333337,0.5,0.1895494774144738,1.0,1
650,0.1960784313725491,0.125,0.7789782654648792,0.0,3
651,0.2549019607843137,0.125,0.6129731754787625,0.6666666666666667,1
652,0.2549019607843137,0.375,0.8064126337327885,1.0,1
653,0.43137254901960786,0.875,0.17722780922762751,1.0,2
654,0.6862745098039217,0.875,0.580095000657088,0.6666666666666667,2
655,0.9411764705882354,0.0,0.17014568764910012,0.3333333333333333,3
656,1.0,0.5,0.6367389569529698,0.3333333333333333,0
657,0.9019607843137255,0.0,0.42447031731549517,0.3333333333333333,3
658,0.0,1.0,0.23469668149110542,0.3333333333333333,0
659,0.27450980392156865,0.875,0.5638544170368439,1.0,2
660,0.2549019607843137,0.375,0.5919712453826895,1.0,1
661,0.2549019607843137,0.5,0.6913435742894152,0.6666666666666667,1
662,0.11764705882352944,0.125,0.38725225157324406,0.0,3
663,0.33333333333333337,0.375,0.4624647465142194,0.0,3
664,0.07843137254901966,0.75,0.36527990596075804,1.0,2
665,0.6470588235294118,0.0,0.009138333506142633,1.0,1
666,0.6470588235294118,1.0,0.6543807077601177,0.3333333333333333,0
667,0.3529411764705882,0.75,0.9352708153765147,0.3333333333333333,2
668,0.6666666666666666,0.625,0.15577315837584135,1.0,2
669,0.33333333333333337,0.75,0.6029699096975243,0.3333333333333333,0
670,0.5294117647058824,0.125,0.10093428267655236,0.6666666666666667,1
671,0.3921568627450981,0.625,0.7462131349297674,0.3333333333333333,3
672,0.5098039215686275,0.75,0.4524126275269389,0.6666666666666667,2
673,0.4901960784313726,0.875,0.7708945784667449,0.3333333333333333,2
674,0.5882352941176471,0.125,0.778318966881027,1.0,1
675,0.9215686274509803,0.375,0.7745149879483438,0.3333333333333333,3
676,0.3529411764705882,0.875,0.759692691572221,0.3333333333333333,2
677,0.8627450980392156,0.625,0.3167426827356358,0.0,0
678,0.019607843137254943,0.5,0.169290457663284,0.0,0
679,0.09803921568627455,0.5,0.6330196987708466,0.6666666666666667,1
680,0.0,0.5,0.8410961164574854,0.0,3
681,0.17647058823529416,0.5,0.7145740231775519,0.3333333333333333,3
682,0.0,0.25,0.6272044961572864,0.6666666666666667,1
683,0.9411764705882354,0.0,0.6579076559790282,0.6666666666666667,1
684,0.7254901960784313,0.25,0.0208794297110624,0.6666666666666667,1
685,0.33333333333333337,0.875,0.20075922260990411,1.0,2
686,0.05882352941176472,0.75,0.5726124890624654,0.0,0
687,0.27450980392156865,0.375,0.27167369237450517,0.6666666666666667,1
688,0.9019607843137255,0.0,0.8190636617829643,0.6666666666666667,1
689,0.13725490196078433,0.875,0.5765592944407816,0.6666666666666667,2
690,0.7647058823529412,1.0,0.19783156805437427,0.3333333333333333,0
691,0.03921568627450983,1.0,0.9830298815823602,1.0,2
692,0.1568627450980392,0.25,0.6844538821248638,0.6666666666666667,1
693,0.8431372549019608,0.125,0.6096992084373176,1.0,1
694,0.17647058823529416,0.5,0.23286339526362684,1.0,1
695,0.7843137254901961,1.0,0.19868801078236079,1.0,2
696,0.5294117647058824,0.5,0.6922734429000281,0.3333333333333333,3
697,0.21568627450980393,0.875,0.9700455119269988,0.0,0
698,0.9803921568627451,0.25,0.9325908751958303,0.3333333333333333,3
699,0.5294117647058824,0.25,0.20891494562943966,0.3333333333333333,3
700,0.1568627450980392,0.875,0.40710910095009684,0.3333333333333333,0
701,0.4901960784313726,0.25,0.7260217664961269,0.6666666666666667,1
702,0.05882352941176472,0.25,0.039018683620521764,0.6666666666666667,1
703,0.9803921568627451,0.125,0.3669082785108492,0.0,3
704,0.07843137254901966,0.5,0.641476301387506,0.6666666666666667,1
705,0.27450980392156865,0.25,0.54718892861273,0.0,3
706,0.8823529411764707,0.75,0.4407663576885506,0.3333333333333333,0
707,0.607843137254902,0.75,0.373510989144846,0.6666666666666667,2
708,0.2549019607843137,0.5,0.2370117495967676,0.0,0
709,0.2549019607843137,0.625,0.732406245802708,1.0,2
710,0.5686274509803921,0.5,0.36341479860683,0.3333333333333333,0
711,0.05882352941176472,0.25,0.6650621369233658,0.6666666666666667,1
712,0.09803921568627455,0.875,0.061185868795452354,0.0,0
713,0.4509803921568628,0.0,0.12948477807523268,0.0,3
714,0.7843137254901961,0.75,0.84290884720868,0.6666666666666667,2
715,0.07843137254901966,0.875,0.12208022515671935,0.0,0
716,0.43137254901960786,0.0,0.22429644194422896,0.3333333333333333,3
717,0.03921568627450983,0.375,0.7879184194818734,0.6666666666666667,1
718,0.23529411764705888,0.25,0.20022247565099335,0.3333333333333333,0
719,0.7450980392156864,1.0,0.5581368708347115,0.3333333333333333,0
720,0.8039215686274509,0.0,0.8302488789714496,1.0,1
721,0.3529411764705882,0.625,0.02987871152658441,1.0,2
722,0.27450980392156865,0.5,0.770744170654373,0.0,3
723,0.05882352941176472,1.0,0.6189395704923202,0.6666666666666667,2
724,0.27450980392156865,1.0,0.1913051746345351,0.6666666666666667,2
725,0.43137254901960786,0.0,0.3762508811305292,0.0,3
726,0.1960784313725491,0.75,0.5400059581352391,1.0,2
727,0.37254901960784315,0.625,0.005599660283917132,0.3333333333333333,0
728,0.7450980392156864,1.0,0.6825646579517656,1.0,2
729,0.823529411764706,0.125,0.1736391752712062,0.3333333333333333,3
730,0.9215686274509803,0.625,0.3309773623976423,1.0,2
731,0.6862745098039217,0.625,0.7614455966571863,0.3333333333333333,0
732,0.27450980392156865,0.875,0.6539021091346627,0.0,0
733,0.9607843137254902,0.0,0.7236883580200246,0.0,3
734,0.1960784313725491,0.75,0.03411379859356858,1.0,2
735,0.9607843137254902,0.375,0.17103462157951677,0.3333333333333333,3
736,0.823529411764706,0.25,0.19437087637882422,1.0,1
737,0.43137254901960786,0.25,0.19131324418984205,0.3333333333333333,3
738,0.9019607843137255,1.0,0.8635431469423602,0.6666666666666667,2
739,0.1568627450980392,0.5,0.8347337967945624,0.0,3
740,0.9215686274509803,0.375,0.1723716254465434,0.6666666666666667,1
741,0.4117647058823529,0.25,0.4920285009171924,0.0,3
742,0.7450980392156864,0.875,0.8457896575609395,0.6666666666666667,2
743,0.8823529411764707,0.0,0.9352685025217012,0.0,3
744,0.607843137254902,0.125,0.6850932303238807,1.0,1
745,0.3137254901960784,0.75,0.7005600886375514,1.0,2
746,0.17647058823529416,0.875,0.4947192511637336,0.3333333333333333,0
747,0.8039215686274509,0.375,0.2872193938857281,0.6666666666666667,1
748,0.11764705882352944,0.5,0.8746912512773997,1.0,1
749,0.3921568627450981,0.0,0.09528939585433482,0.0,3
750,0.823529411764706,0.875,0.49437337141850446,1.0,2
751,1.0,0.625,0.9896869392883361,0.3333333333333333,0
752,0.13725490196078433,1.0,0.178561455481264,0.3333333333333333,0
753,0.17647058823529416,0.875,0.7881060596351741,0.0,0
754,1.0,0.875,0.11543340166218383,0.6666666666666667,2
755,0.9215686274509803,0.875,0.48562162849403234,0.3333333333333333,0
756,0.13725490196078433,0.25,0.43529292235660394,0.3333333333333333,0
757,0.5490196078431373,0.0,0.2523612118506424,1.0,1
758,0.7450980392156864,0.5,0.9708527229726738,1.0,2
759,0.27450980392156865,0.875,0.6627651280904497,0.0,0
760,0.6274509803921569,0.625,0.12614260227706997,0.3333333333333333,0
761,0.4509803921568628,0.5,0.3543384338251651,1.0,1
762,0.5882352941176471,0.0,0.940558071849242,0.6666666666666667,1
763,0.5294117647058824,0.375,0.3939688455766381,0.0,3
764,0.6862745098039217,0.625,0.5651280858152212,1.0,2
765,0.5490196078431373,0.5,0.2385795907527831,1.0,2
766,0.7058823529411765,0.25,0.2773227252749304,1.0,1
767,1.0,1.0,0.22010680985193662,0.6666666666666667,2
768,0.8039215686274509,0.125,0.20800878802145772,1.0,1
769,0.7254901960784313,0.0,0.029270770360726915,0.3333333333333333,3
770,0.7450980392156864,0.875,0.01167505403892289,1.0,2
771,0.8431372549019608,0.375,0.723365389881529,0.6666666666666667,1
772,0.8823529411764707,0.0,0.00895677626778063,1.0,1
773,0.4901960784313726,0.375,0.5736534426832373,0.0,3
774,0.1960784313725491,0.0,0.28460939927937634,0.0,3
775,0.7058823529411765,0.875,0.6139457913316412,0.3333333333333333,0
776,0.5490196078431373,0.75,0.5119621176299144,1.0,2
777,0.8039215686274509,1.0,0.3167281904890791,1.0,2
778,0.6666666666666666,0.375,0.7270419577340973,0.3333333333333333,3
779,0.5294117647058824,0.25,0.18389362068942888,0.0,3
780,0.4901960784313726,0.375,0.4740700820521717,0.0,3
781,0.21568627450980393,0.875,0.4682734401832367,0.6666666666666667,2
782,0.6274509803921569,0.375,0.5389718393985082,0.6666666666666667,2
783,0.5490196078431373,0.875,0.24920384077643967,0.3333333333333333,0
784,0.0,0.25,0.6920380349774298,0.3333333333333333,3
785,0.6862745098039217,0.625,0.28301623387974173,0.0,0
786,0.3921568627450981,1.0,0.3626397597992518,0.0,0
787,0.11764705882352944,1.0,0.5646614826232277,0.6666666666666667,2
788,0.4509803921568628,0.0,0.1290955753768928,0.0,3
789,0.823529411764706,0.0,0.8589953087633545,0.3333333333333333,3
790,0.37254901960784315,0.25,0.8595403732748231,0.0,3
791,0.6666666666666666,0.75,0.5789788566959273,0.3333333333333333,0
792,0.9019607843137255,0.75,0.8175382784070934,0.3333333333333333,0
793,0.9019607843137255,0.375,0.436890605766127,1.0,1
794,0.17647058823529416,1.0,0.017841472403480003,1.0,2
795,0.6470588235294118,0.375,0.12396829930876913,1.0,2
796,0.27450980392156865,0.125,0.40181527192110217,1.0,1
797,0.05882352941176472,0.625,0.9346281585465721,0.3333333333333333,3
798,0.03921568627450983,0.875,0.23473365771931679,0.0,0
799,0.9607843137254902,0.5,0.18096261908681,0.6666666666666667,1
800,0.43137254901960786,0.875,0.3460763832058218,0.6666666666666667,2
801,0.6862745098039217,0.25,0.2482698734810382,1.0,1
802,0.0,1.0,0.32382935977600397,0.0,0
803,0.6274509803921569,0.625,0.5176037378578356,0.3333333333333333,0
804,0.3529411764705882,0.875,0.3653527746058231,1.0,2
805,0.37254901960784315,0.5,0.41425935724056145,1.0,1
806,0.6862745098039217,0.625,0.4667984972133309,0.6666666666666667,2
807,1.0,0.75,0.19204422868233745,0.3333333333333333,0
808,0.1568627450980392,0.25,0.8784753396813912,0.3333333333333333,3
809,0.43137254901960786,0.875,0.171121974572726,0.6666666666666667,2
810,0.07843137254901966,0.375,0.15380667454594737,0.6666666666666667,1
811,0.07843137254901966,0.5,0.7664252216210001,0.3333333333333333,3
812,0.47058823529411764,1.0,0.7202485353295138,0.0,0
813,0.2941176470588236,1.0,0.9926608553389955,0.3333333333333333,2
814,0.6470588235294118,0.75,0.8231542519932522,0.0,0
815,0.05882352941176472,0.625,0.10216636853781,0.3333333333333333,0
816,0.33333333333333337,0.0,0.20944129063013842,0.6666666666666667,1
817,0.03921568627450983,0.5,0.9089428185710076,1.0,1
818,0.9019607843137255,0.0,0.7158394089696,0.3333333333333333,3
819,0.43137254901960786,0.5,0.6096612287705495,1.0,1
820,0.5882352941176471,0.5,0.12618151070386147,1.0,2
821,0.8823529411764707,0.75,0.2633869699852545,0.3333333333333333,0
822,0.1568627450980392,0.875,0.19148427499446058,0.0,0
823,0.019607843137254943,0.75,0.34132698789084687,0.3333333333333333,0
824,0.11764705882352944,0.625,0.18592874298820725,0.3333333333333333,0
825,0.7058823529411765,0.875,0.23426683299299408,0.0,0
826,0.37254901960784315,0.625,0.581740349669718,0.0,3
827,0.07843137254901966,0.25,0.6624594165055118,0.0,3
828,0.6470588235294118,0.25,0.4620588343301082,1.0,1
829,0.7647058823529412,0.25,0.3963723295407642,0.6666666666666667,1
830,0.8823529411764707,0.0,0.718142736941537,0.6666666666666667,1
831,0.3137254901960784,0.375,0.376462516680265,0.0,3
832,0.7450980392156864,0.75,0.051770076690525586,0.3333333333333333,0
833,0.3921568627450981,0.5,0.5891288092223691,0.3333333333333333,0
834,0.43137254901960786,0.875,0.8709112648530237,0.0,0
835,0.33333333333333337,0.25,0.5636941151626539,1.0,1
836,1.0,0.375,0.9787093517942753,1.0,2
837,0.7843137254901961,0.5,0.9101478972731486,0.6666666666666667,2
838,0.03921568627450983,1.0,0.6485101590335656,0.3333333333333333,0
839,0.05882352941176472,0.0,0.2786067086664266,0.0,3
840,0.4509803921568628,0.375,0.5971386453920502,0.6666666666666667,2
841,0.5882352941176471,0.5,0.8430686646428558,0.3333333333333333,3
842,0.3529411764705882,0.125,0.7307861020140575,1.0,1
843,0.6274509803921569,0.75,0.6909552043953234,1.0,2
844,0.07843137254901966,0.875,0.38093827781481426,0.3333333333333333,0
845,0.1960784313725491,1.0,0.3994360456591961,0.3333333333333333,0
846,0.7647058823529412,0.875,0.6784112386764918,0.0,0
847,0.6274509803921569,1.0,0.48276431992080215,0.6666666666666667,2
848,0.6274509803921569,0.125,0.5969874661926469,0.6666666666666667,1
849,0.5098039215686275,0.0,0.678873777001837,0.0,3
850,0.13725490196078433,0.125,0.37025881775435626,0.3333333333333333,0
851,0.47058823529411764,0.375,0.9084405130674827,0.0,3
852,0.4509803921568628,0.75,0.4648506000093111,1.0,2
853,0.21568627450980393,0.75,0.9350822782829464,0.0,0
854,0.33333333333333337,0.25,0.13878779936174798,0.6666666666666667,1
855,0.9607843137254902,1.0,0.9124147694256382,0.0,0
856,0.7254901960784313,0.125,0.7898782768087432,1.0,1
857,0.7450980392156864,0.625,0.1725831702764854,0.3333333333333333,0
858,0.3137254901960784,0.625,0.01685657632806406,0.3333333333333333,0
859,0.8627450980392156,0.5,0.23888667165077662,1.0,2
860,0.11764705882352944,0.875,0.28989747046624903,0.3333333333333333,0
861,0.9803921568627451,0.375,0.19155865937699346,0.6666666666666667,1
862,0.3529411764705882,0.75,0.27623423674022407,0.6666666666666667,2
863,0.9803921568627451,0.5,0.6021111832209727,0.6666666666666667,2
864,0.7058823529411765,0.375,0.6545842919260322,0.3333333333333333,3
865,0.09803921568627455,1.0,0.04459344320343119,1.0,2
866,0.17647058823529416,0.875,0.052022505736249884,0.6666666666666667,2
867,0.05882352941176472,0.375,0.6464310238770714,1.0,1
868,0.8823529411764707,0.75,0.4670088613108865,0.0,0
869,0.9411764705882354,0.625,0.42761951035020623,0.3333333333333333,0
870,0.5686274509803921,0.875,0.34549790034903094,0.3333333333333333,0
871,0.7058823529411765,0.625,0.3773563128192617,1.0,2
872,0.6274509803921569,0.25,0.4137145023825094,0.6666666666666667,1
873,0.43137254901960786,0.5,0.08582876451380125,0.0,3
874,0.27450980392156865,1.0,0.4251011067620385,0.0,0
875,0.9411764705882354,0.0,0.03346937302065369,0.0,3
876,0.09803921568627455,0.5,0.11449879525098697,0.0,0
877,0.7254901960784313,0.625,0.2652194212691267,0.3333333333333333,0
878,0.23529411764705888,0.875,0.7677110565054718,0.0,0
879,0.7450980392156864,0.75,0.3173824373044192,0.6666666666666667,2
880,0.823529411764706,0.25,0.052379455148721964,0.3333333333333333,3
881,0.5294117647058824,0.5,0.22202319946965374,0.6666666666666667,1
882,0.4509803921568628,0.375,0.5275900472933933,0.0,3
883,0.7058823529411765,0.25,0.29797932188788184,1.0,1
884,0.7647058823529412,0.5,0.15432959623137102,1.0,2
885,0.6274509803921569,1.0,0.1725021808883102,0.6666666666666667,2
886,0.09803921568627455,0.125,0.888417100439348,0.6666666666666667,1
887,0.823529411764706,0.5,0.15153527358918223,0.6666666666666667,1
888,0.17647058823529416,0.125,0.9831941520084706,0.0,3
889,0.5294117647058824,0.0,0.111375387902417,1.0,1
890,0.6470588235294118,0.375,0.04251845897646602,0.3333333333333333,3
891,0.33333333333333337,0.5,0.5073307905196656,0.6666666666666667,2
892,0.4117647058823529,0.0,0.9752008205508673,0.6666666666666667,1
893,0.1568627450980392,0.875,0.936554415754436,1.0,2
894,0.5490196078431373,0.875,0.6825155255283141,0.6666666666666667,2
895,0.823529411764706,0.125,0.05635233714057184,0.6666666666666667,1
896,0.3921568627450981,0.875,0.6970478017355531,0.6666666666666667,2
897,0.5686274509803921,0.125,0.5861240884055053,1.0,1
898,0.6470588235294118,0.0,0.4351935660163272,0.6666666666666667,1
899,0.2549019607843137,1.0,0.9737842971995454,0.6666666666666667,2
900,0.4509803921568628,0.5,0.8005115739311822,0.0,3
901,0.1960784313725491,0.75,0.9744133675996267,0.0,0
902,0.13725490196078433,0.5,0.48491657689762546,1.0,1
903,0.1960784313725491,0.625,0.77752193548216,0.0,3
904,0.33333333333333337,0.375,0.7673149389269572,0.6666666666666667,1
905,0.8431372549019608,1.0,0.36971608631584557,0.0,0
906,0.9803921568627451,0.875,0.8393029025642526,0.6666666666666667,2
907,0.7058823529411765,0.625,0.23436891313629363,0.3333333333333333,0
908,0.9215686274509803,0.25,0.02768650420043544,1.0,1
909,0.9411764705882354,0.375,0.9656904982275707,1.0,2
910,0.23529411764705888,0.25,0.5613964317392157,1.0,1
911,0.3921568627450981,0.125,0.647964835275508,0.6666666666666667,1
912,0.8039215686274509,0.25,0.1516795454895982,0.3333333333333333,3
913,0.8823529411764707,0.125,0.5071230090362926,0.3333333333333333,3
914,0.3921568627450981,0.375,0.7920650727583002,0.0,3
915,0.7843137254901961,0.5,0.2321282672917334,0.0,3
916,0.6470588235294118,0.0,0.7419887851618818,1.0,1
917,0.7450980392156864,0.875,0.2709906536054566,0.0,0
918,0.09803921568627455,0.5,0.21306693436086435,0.6666666666666667,1
919,0.7450980392156864,0.25,0.0929704161150269,1.0,1
920,0.09803921568627455,0.625,0.589463339673932,0.0,0
921,0.6274509803921569,0.25,0.9355068860290665,0.0,3
922,0.4509803921568628,0.5,0.38391767721043085,1.0,1
923,0.9019607843137255,0.75,0.4064800814748149,1.0,2
924,0.6666666666666666,0.25,0.6296830310834505,0.3333333333333333,3
925,0.2941176470588236,0.5,0.6327887568538966,1.0,1
926,0.5294117647058824,0.5,0.11681017510839922,0.0,3
927,0.47058823529411764,0.875,0.517001673655927,1.0,2
928,0.2549019607843137,1.0,0.7513320998520014,0.6666666666666667,2
929,0.9803921568627451,1.0,0.683752315538425,0.0,0
930,0.2549019607843137,0.75,0.6474820237575593,0.6666666666666667,2
931,0.9019607843137255,0.875,0.08117825780609919,0.0,0
932,0.9215686274509803,0.125,0.23162968554910227,0.0,3
933,0.019607843137254943,0.375,0.8825475430570819,0.0,3
934,0.33333333333333337,0.875,0.09344025410510093,0.3333333333333333,0
935,0.7647058823529412,0.375,0.014920340486668363,0.6666666666666667,1
936,0.607843137254902,1.0,0.9511950596228029,0.6666666666666667,2
937,0.823529411764706,0.75,0.10448385971333055,0.6666666666666667,2
938,0.7647058823529412,0.875,0.632282631851978,0.6666666666666667,2
939,0.5686274509803921,0.5,0.6724368228200186,0.6666666666666667,2
940,0.7450980392156864,0.5,0.7278641102680133,1.0,2
941,0.0,0.5,1.0,0.6666666666666667,1
942,0.1960784313725491,0.25,0.14202273073785868,1.0,1
943,0.05882352941176472,0.125,0.8169007169233468,0.0,3
944,0.3921568627450981,0.875,0.01306521671344918,0.0,0
945,0.8039215686274509,0.5,0.9674437226682675,0.6666666666666667,2
946,0.607843137254902,1.0,0.45651965420774876,0.3333333333333333,0
947,0.8039215686274509,0.75,0.6271622102514844,1.0,2
948,0.47058823529411764,0.5,0.2725558818106561,0.3333333333333333,0
949,0.7647058823529412,1.0,0.842382637957559,0.6666666666666667,2
950,0.4117647058823529,0.5,0.510557907329187,1.0,1
951,0.6470588235294118,0.0,0.7688615527594331,1.0,1
952,0.823529411764706,0.25,0.8193630067984057,1.0,1
953,0.823529411764706,0.75,0.4821373518015527,0.6666666666666667,2
954,0.5294117647058824,1.0,0.4690901575951484,0.3333333333333333,0
955,0.5490196078431373,0.5,0.5030221231445562,1.0,2
956,0.13725490196078433,0.75,0.7453808603959711,1.0,2
957,1.0,1.0,0.8065782160434575,0.6666666666666667,2
958,0.03921568627450983,0.0,0.88896097394104,0.0,3
959,0.8627450980392156,0.125,0.7784674757847482,0.0,3
960,0.2941176470588236,0.125,0.010598129338427145,0.0,3
961,0.7254901960784313,0.375,0.9204957863280064,0.0,3
962,0.8431372549019608,0.125,0.06779248743004246,0.3333333333333333,3
963,1.0,0.125,0.0012930489416237353,0.3333333333333333,3
964,0.09803921568627455,0.875,0.9948076036642719,1.0,2
965,0.9019607843137255,0.0,0.5491921346458855,1.0,1
966,0.4509803921568628,0.125,0.8147452556351118,0.3333333333333333,3
967,0.8627450980392156,1.0,0.879194180682088,0.6666666666666667,2
968,0.6862745098039217,0.5,0.9680546651409421,0.3333333333333333,3
969,0.9019607843137255,0.25,0.6402522931385586,0.6666666666666667,1
970,0.9019607843137255,0.5,0.6793938458361894,0.0,3
971,0.8039215686274509,0.375,0.3204372617198602,0.0,3
972,0.6274509803921569,0.5,0.541659513263067,1.0,2
973,0.9215686274509803,0.125,0.7913453055521071,0.3333333333333333,3
974,0.1960784313725491,0.5,0.6363876304013713,1.0,1
975,0.43137254901960786,0.5,0.018444842526612285,0.6666666666666667,1
976,0.13725490196078433,0.375,0.7670553403581627,0.0,3
977,0.2549019607843137,0.375,0.5313518450592641,0.0,3
978,0.8431372549019608,0.75,0.22943559211801204,0.0,0
979,0.4509803921568628,1.0,0.9651360804780242,0.3333333333333333,2
980,0.6274509803921569,1.0,0.4370441559625597,0.3333333333333333,0
981,0.27450980392156865,0.625,0.736008454691101,1.0,2
982,0.33333333333333337,0.375,0.04551455856275959,0.3333333333333333,0
983,0.6666666666666666,0.25,0.03780310515207198,1.0,1
984,0.23529411764705888,0.0,0.7142043090359071,0.0,3
985,0.5882352941176471,0.75,0.6105890319937616,0.3333333333333333,0
986,0.4117647058823529,0.625,0.4605234977574645,0.0,3
987,0.019607843137254943,1.0,0.5668472394452101,0.3333333333333333,0
988,0.7843137254901961,0.5,0.9719268657305888,0.0,3
989,0.37254901960784315,0.625,0.7898723729749422,0.0,3
990,0.7254901960784313,0.125,0.21165919279062193,0.6666666666666667,1
991,0.43137254901960786,0.5,0.0755659366009955,0.3333333333333333,3
992,0.1568627450980392,0.5,0.8304116958862682,0.0,3
993,0.5882352941176471,0.75,0.4910234781518116,0.3333333333333333,0
994,0.8039215686274509,0.0,0.9429912184622665,1.0,1
995,0.5686274509803921,0.625,0.5531653813825418,1.0,2
996,0.21568627450980393,0.75,0.30024429133688857,0.6666666666666667,2
997,0.09803921568627455,0.125,0.5192422579200374,0.3333333333333333,0
998,0.6666666666666666,0.375,0.20487665130638583,1.0,2
999,0.8431372549019608,0.125,0.3678619983791069,1.0,1
1000,0.7647058823529412,0.375,0.0,1.0,1
